"Customer type",Gender,avg_purchase,avg_rating
Member,Female,337.7277528735631,6.940613026819924
Normal,Female,332.2332562499999,6.990416666666664
Normal,Male,305.0475810810811,7.018918918918916
Member,Male,316.9854187499998,6.939999999999998
