Branch,City,total_sales,num_transactions
A,Yangon,106200.37049999999,340
B,Mandalay,106197.67199999995,332
C,Naypyitaw,110568.70649999993,328
