"Product line",total_sales,avg_rating
"Health and beauty",49193.739000000016,7.003289473684212
"Electronic accessories",54337.531500000005,6.92470588235294
"Home and lifestyle",53861.91300000001,6.8375
"Sports and travel",55122.826499999996,6.916265060240964
"Food and beverages",56144.844000000005,7.113218390804598
"Fashion accessories",54305.895,7.029213483146067
